app_id,market,scraped,english,min_words,exact_dedup,near_dedup
air.com.buffalo_studios.newflashbingo,gb,5000,4988,4866,4865,4865
air.com.buffalo_studios.newflashbingo,us,5000,4988,4859,1884,1884
com.MadOut.BIG,in,5000,4969,4782,4777,4774
com.activision.callofduty.shooter,in,5000,4997,4982,4979,4976
com.activision.callofduty.shooter,us,5000,4995,4965,1487,1485
com.aniplex.fategrandorder.en,gb,5000,5000,4997,4997,4997
com.aniplex.fategrandorder.en,us,5000,5000,4997,0,0
com.bandainamcoent.dblegends_ww,gb,5000,4999,4963,4962,4960
com.bandainamcoent.dblegends_ww,us,5000,4999,4963,1261,1261
com.bingo.cruise.free.best.top.game,gb,5000,4836,3770,3770,3770
com.cedargames.mysterytown,gb,1583,1277,879,879,879
com.chess,in,5000,4996,4830,4830,4830
com.cola.game,gb,3617,2785,1801,1800,1800
com.cola.game,in,3617,2785,1801,0,0
com.combo.yarnflow,gb,3033,2409,1365,1365,1365
com.combo.yarnflow,us,3033,2409,1365,0,0
com.cooking.bingo.ldkwh,gb,5000,4928,4610,4609,4608
com.diamondlife.slots.vegas.free,us,5000,4981,4783,4783,4783
com.dreamgames.royalkingdom,gb,5000,4949,4518,4518,4516
com.dreamgames.royalkingdom,us,5000,4946,4492,173,173
com.dreamgames.royalmatch,gb,5000,4990,4900,4898,4894
com.dreamgames.royalmatch,in,5000,4990,4900,257,257
com.dreamgames.royalmatch,us,5000,4989,4895,824,824
com.dts.freefiremax,in,5000,4996,4926,4922,4892
com.dts.freefireth,us,5000,4994,4948,4940,4925
com.ea.gp.fifamobile,in,5000,4998,4940,4937,4933
com.fatmerge.global,gb,5000,4936,4244,4244,4243
com.fatmerge.global,in,5000,4936,4249,17,17
com.fatmerge.global,us,5000,4936,4241,93,93
com.firsttouchgames.dls7,in,5000,4999,4958,4958,4954
com.fun.lastwar.gp,gb,5000,4998,4965,4965,4964
com.fun.lastwar.gp,in,5000,4998,4968,170,170
com.fun.lastwar.gp,us,5000,4997,4930,623,623
com.funplus.ts.global,in,5000,4835,3535,3535,3535
com.funtomic.matchmasters,gb,5000,4997,4961,4961,4961
com.gamedots.seasideescape,gb,5000,4925,4251,4251,4251
com.global.ztmslg,us,5000,4998,4971,4971,4971
com.gof.global,gb,5000,4998,4960,4959,4959
com.gof.global,in,5000,4998,4961,150,150
com.gof.global,us,5000,4998,4952,421,421
com.hollywood.merge,gb,1555,1156,694,694,694
com.homagames.studio.allinhole,us,5000,4858,4021,4021,4021
com.igg.android.lordsmobile,in,5000,4996,4965,4960,4959
com.innplaylabs.animalkingdomraid,gb,5000,4987,4821,4819,4819
com.innplaylabs.animalkingdomraid,in,5000,4987,4822,68,68
com.joycastle.mergematch,gb,5000,4894,3994,3994,3994
com.king.candycrushsaga,gb,5000,4978,4816,4814,4806
com.king.candycrushsaga,in,5000,4978,4816,164,164
com.king.candycrushsaga,us,5000,4978,4814,799,799
com.king.candycrushsodasaga,gb,5000,4993,4908,4907,4902
com.king.candycrushsodasaga,in,5000,4993,4908,20,20
com.king.candycrushsodasaga,us,5000,4993,4908,134,134
com.kurogame.wutheringwaves.global,in,5000,4993,4950,4950,4950
com.loomgames.pixelflow,gb,5000,4908,4432,4432,4432
com.loomgames.pixelflow,us,5000,4891,4372,161,161
com.ludo.king,in,5000,4994,4931,4928,4921
com.merge.cooking.theme.restaurant.food,gb,5000,4910,4375,4373,4373
com.merge.cooking.theme.restaurant.food,us,5000,4891,4190,123,123
com.mergegames.gossipharbor,gb,5000,4988,4880,4879,4878
com.mergegames.gossipharbor,us,5000,4985,4864,697,697
com.miHoYo.GenshinImpact,in,5000,5000,4998,4997,4995
com.miniclip.carrom,in,5000,4968,4646,4633,4619
com.miniclip.cricketleague,in,5000,4980,4772,4767,4755
com.miniclip.eightballpool,in,5000,4996,4934,4934,4933
com.mobiin.gp,in,5000,4982,4768,4768,4767
com.monopoly.dream.idle.king,gb,5000,2851,1355,1352,1352
com.monopoly.dream.idle.king,in,5000,2851,1355,0,0
com.moonactive.cmboard,gb,5000,3772,1761,1761,1761
com.moonactive.cmboard,us,5000,3772,1761,3,3
com.moonactive.coinmaster,gb,5000,4996,4928,4926,4925
com.moonactive.coinmaster,in,5000,4996,4933,500,500
com.moonactive.coinmaster,us,5000,4990,4874,1708,1706
com.nautilus.realcricket,in,5000,4992,4791,4786,4783
com.nekki.shadowfightarena,in,5000,5000,4956,4955,4953
com.nianticlabs.pokemongo,gb,5000,4997,4984,4984,4984
com.nianticlabs.pokemongo,in,5000,4997,4984,278,278
com.nianticlabs.pokemongo,us,5000,4996,4972,2043,2042
com.octro.teenpatti,in,5000,4854,4070,4066,4064
com.phs.global,gb,5000,4626,3285,3283,3283
com.phs.global,us,5000,4613,3252,8,8
com.pixonic.wwr,in,5000,4998,4970,4969,4969
com.plarium.mechlegion,in,5000,4999,4981,4981,4981
com.plarium.raidlegends,gb,5000,4998,4981,4981,4981
com.playrix.fishdomdd.gplay,gb,5000,4999,4985,4984,4984
com.playrix.fishdomdd.gplay,in,5000,4999,4985,307,307
com.playrix.fishdomdd.gplay,us,5000,4999,4985,1950,1950
com.playrix.gardenscapes,gb,5000,4999,4975,4971,4971
com.playrix.gardenscapes,in,5000,4999,4975,382,382
com.playrix.gardenscapes,us,5000,4999,4974,1662,1662
com.playrix.homescapes,gb,5000,5000,4976,4960,4953
com.playrix.homescapes,in,5000,5000,4977,411,410
com.playrix.homescapes,us,5000,4996,4955,1979,1979
com.playrix.township,gb,5000,4998,4980,4979,4976
com.playrix.township,in,5000,4998,4986,264,264
com.playrix.township,us,5000,4994,4931,2019,2018
com.productmadness.cashmancasino,us,5000,4972,4669,4668,4668
com.productmadness.lightninglink,us,5000,4968,4510,4508,4508
com.proximabeta.nikke,us,5000,4995,4971,4971,4971
com.pubg.imobile,in,5000,4960,4668,4667,4655
com.readygo.barrel.gp,gb,5000,4962,4676,4675,4674
com.readygo.barrel.gp,in,5000,4962,4676,46,46
com.readygo.barrel.gp,us,5000,4962,4676,181,181
com.readygo.dark.gp,gb,5000,4987,4808,4805,4805
com.readygo.dark.gp,us,5000,4986,4790,373,373
com.roblox.client,gb,5000,4997,4997,4995,4990
com.roblox.client,in,5000,4997,4997,8,8
com.roblox.client,us,5000,4997,4997,54,54
com.run.tower.defense,gb,5000,4984,4722,4717,4717
com.run.tower.defense,in,5000,4984,4740,83,83
com.run.tower.defense,us,5000,4982,4694,249,249
com.scopely.monopolygo,gb,5000,4996,4976,4976,4976
com.scopely.monopolygo,in,5000,4996,4976,181,181
com.scopely.monopolygo,us,5000,4995,4914,1812,1811
com.screenshake.dominodreams,gb,5000,4977,4611,4610,4609
com.snowprintstudios.tacticus,gb,5000,4996,4895,4895,4895
com.solitairetripeaks.masterdesign,in,5000,3760,2086,2085,2085
com.supercell.clashofclans,gb,5000,4998,4937,4929,4922
com.supercell.clashofclans,in,5000,4998,4934,286,284
com.supercell.clashofclans,us,5000,4994,4903,379,378
com.supercell.clashroyale,gb,5000,4998,4976,4975,4975
com.supercell.clashroyale,in,5000,4998,4976,131,131
com.supercell.clashroyale,us,5000,4997,4966,903,902
com.superplaystudios.dicedreams,gb,5000,4996,4927,4927,4926
com.superplaystudios.dicedreams,us,5000,4993,4867,2650,2650
com.superplaystudios.disneysolitairedreams,gb,5000,4988,4654,4654,4652
com.superplaystudios.disneysolitairedreams,us,5000,4986,4517,562,562
com.teenpatti.hd.gold,in,5000,4964,4813,4807,4804
com.tencent.ig,gb,5000,4997,4971,4963,4918
com.tencent.ig,us,5000,4997,4971,788,788
com.topgamesinc.evony,gb,5000,5000,4990,4989,4987
com.topgamesinc.evony,in,5000,5000,4990,177,177
com.topgamesinc.evony,us,5000,5000,4988,733,733
com.totalbattle,gb,5000,4971,4773,4773,4773
com.totalbattle,us,5000,4971,4772,110,110
com.williamsinteractive.jackpotparty,us,5000,4969,4697,4696,4696
com.yalla.yallagames,in,5000,4939,4742,4731,4724
com.zjcs.android.us,us,4401,3633,2485,2485,2485
com.zynga.livepoker,in,5000,4997,4960,4958,4957
cricketgames.hitwicket.strategy,in,5000,4979,4813,4788,4784
io.randomco.travel,gb,5000,4990,4898,4896,4895
io.randomco.travel,in,5000,4990,4901,147,147
io.randomco.travel,us,5000,4989,4886,429,429
jp.konami.pesam,in,5000,4995,4993,4992,4987
net.peakgames.match,gb,5000,4939,4580,4580,4580
net.peakgames.match,us,5000,4914,4428,189,189
net.peakgames.toonblast,gb,5000,4996,4929,4928,4927
net.peakgames.toonblast,us,5000,4996,4915,658,658
net.supertreat.solitaire,gb,5000,4995,4948,4948,4948
net.supertreat.solitaire,us,5000,4994,4941,1351,1351
slots.pcg.casino.games.free.android,us,5000,4998,4899,4897,4897
