app_id,market,status,n_reviews,n_relevant,n_newest,finished_utc
air.com.buffalo_studios.newflashbingo,gb,done,5000,5000,0,2026-07-11T20:46:59Z
air.com.buffalo_studios.newflashbingo,us,done,5000,5000,0,2026-07-11T20:47:41Z
com.MadOut.BIG,in,done,5000,5000,0,2026-07-11T21:42:14Z
com.activision.callofduty.shooter,in,done,5000,5000,0,2026-07-11T20:49:44Z
com.activision.callofduty.shooter,us,done,5000,5000,0,2026-07-11T20:50:28Z
com.aniplex.fategrandorder.en,gb,done,5000,5000,0,2026-07-11T21:16:51Z
com.aniplex.fategrandorder.en,us,done,5000,5000,0,2026-07-11T21:17:30Z
com.bandainamcoent.dblegends_ww,gb,done,5000,5000,0,2026-07-11T21:11:24Z
com.bandainamcoent.dblegends_ww,us,done,5000,5000,0,2026-07-11T21:12:03Z
com.bingo.cruise.free.best.top.game,gb,done,5000,5000,0,2026-07-11T20:49:01Z
com.cedargames.mysterytown,gb,done,1583,1583,0,2026-07-11T21:49:59Z
com.chess,in,done,5000,5000,0,2026-07-11T20:57:49Z
com.cola.game,gb,done,3617,3609,8,2026-07-11T21:20:31Z
com.cola.game,in,done,3617,3616,1,2026-07-11T21:21:27Z
com.combo.yarnflow,gb,done,3033,3033,0,2026-07-11T22:23:34Z
com.combo.yarnflow,us,done,3033,3029,4,2026-07-11T22:24:20Z
com.cooking.bingo.ldkwh,gb,done,5000,5000,0,2026-07-11T20:48:20Z
com.diamondlife.slots.vegas.free,us,done,5000,5000,0,2026-07-11T21:40:52Z
com.dreamgames.royalkingdom,gb,done,5000,5000,0,2026-07-11T21:59:35Z
com.dreamgames.royalkingdom,us,done,5000,5000,0,2026-07-11T22:00:14Z
com.dreamgames.royalmatch,gb,done,5000,5000,0,2026-07-11T22:00:55Z
com.dreamgames.royalmatch,in,done,5000,5000,0,2026-07-11T22:01:36Z
com.dreamgames.royalmatch,us,done,5000,5000,0,2026-07-11T22:02:17Z
com.dts.freefiremax,in,done,5000,5000,0,2026-07-11T21:22:09Z
com.dts.freefireth,us,done,5000,5000,0,2026-07-11T21:22:52Z
com.ea.gp.fifamobile,in,done,5000,5000,0,2026-07-11T21:13:29Z
com.fatmerge.global,gb,done,5000,5000,0,2026-07-11T22:06:46Z
com.fatmerge.global,in,done,5000,5000,0,2026-07-11T22:07:25Z
com.fatmerge.global,us,done,5000,5000,0,2026-07-11T22:08:04Z
com.firsttouchgames.dls7,in,done,5000,5000,0,2026-07-11T21:12:45Z
com.fun.lastwar.gp,gb,done,5000,5000,0,2026-07-11T21:35:30Z
com.fun.lastwar.gp,in,done,5000,5000,0,2026-07-11T21:36:09Z
com.fun.lastwar.gp,us,done,5000,5000,0,2026-07-11T21:36:49Z
com.funplus.ts.global,in,done,5000,5000,0,2026-07-11T22:10:01Z
com.funtomic.matchmasters,gb,done,5000,5000,0,2026-07-11T21:44:11Z
com.gamedots.seasideescape,gb,done,5000,5000,0,2026-07-11T22:02:57Z
com.global.ztmslg,us,done,5000,5000,0,2026-07-11T21:55:31Z
com.gof.global,gb,done,5000,5000,0,2026-07-11T22:20:02Z
com.gof.global,in,done,5000,5000,0,2026-07-11T22:20:43Z
com.gof.global,us,done,5000,5000,0,2026-07-11T22:21:23Z
com.hollywood.merge,gb,done,1555,1555,0,2026-07-11T21:28:48Z
com.homagames.studio.allinhole,gb,done,5000,5000,0,2026-07-11T20:16:47Z
com.homagames.studio.allinhole,in,done,5000,5000,0,2026-07-11T20:16:09Z
com.homagames.studio.allinhole,us,done,5000,5000,0,2026-07-11T20:44:15Z
com.igg.android.lordsmobile,in,done,5000,5000,0,2026-07-11T21:40:12Z
com.innplaylabs.animalkingdomraid,gb,done,5000,5000,0,2026-07-11T20:44:55Z
com.innplaylabs.animalkingdomraid,in,done,5000,5000,0,2026-07-11T20:45:35Z
com.innplaylabs.animalkingdomraid,us,done,5000,5000,0,2026-07-11T20:17:31Z
com.joycastle.mergematch,gb,done,5000,5000,0,2026-07-11T21:44:50Z
com.king.candycrushsaga,gb,done,5000,5000,0,2026-07-11T20:51:09Z
com.king.candycrushsaga,in,done,5000,5000,0,2026-07-11T20:51:51Z
com.king.candycrushsaga,us,done,5000,5000,0,2026-07-11T20:52:32Z
com.king.candycrushsodasaga,gb,done,5000,5000,0,2026-07-11T20:53:13Z
com.king.candycrushsodasaga,in,done,5000,5000,0,2026-07-11T20:53:51Z
com.king.candycrushsodasaga,us,done,5000,5000,0,2026-07-11T20:54:30Z
com.kurogame.wutheringwaves.global,in,done,5000,5000,0,2026-07-11T22:22:05Z
com.loomgames.pixelflow,gb,done,5000,5000,0,2026-07-11T21:50:39Z
com.loomgames.pixelflow,us,done,5000,5000,0,2026-07-11T21:51:17Z
com.ludo.king,in,done,5000,5000,0,2026-07-11T21:41:32Z
com.merge.cooking.theme.restaurant.food,gb,done,5000,5000,0,2026-07-11T21:46:11Z
com.merge.cooking.theme.restaurant.food,us,done,5000,5000,0,2026-07-11T21:46:51Z
com.mergegames.gossipharbor,gb,done,5000,5000,0,2026-07-11T21:27:04Z
com.mergegames.gossipharbor,us,done,5000,5000,0,2026-07-11T21:27:43Z
com.miHoYo.GenshinImpact,in,done,5000,5000,0,2026-07-11T21:25:44Z
com.miniclip.carrom,in,done,5000,5000,0,2026-07-11T20:55:48Z
com.miniclip.cricketleague,in,done,5000,5000,0,2026-07-11T21:06:07Z
com.miniclip.eightballpool,gb,done,5000,5000,0,2026-07-11T20:14:50Z
com.miniclip.eightballpool,in,done,5000,5000,0,2026-07-11T20:43:37Z
com.miniclip.eightballpool,us,done,5000,5000,0,2026-07-11T20:13:23Z
com.mobiin.gp,in,done,5000,5000,0,2026-07-11T21:47:31Z
com.monopoly.dream.idle.king,gb,done,5000,5000,0,2026-07-11T22:11:59Z
com.monopoly.dream.idle.king,in,done,5000,5000,0,2026-07-11T22:12:36Z
com.moonactive.cmboard,gb,done,5000,5000,0,2026-07-11T21:04:50Z
com.moonactive.cmboard,us,done,5000,5000,0,2026-07-11T21:05:28Z
com.moonactive.coinmaster,gb,done,5000,5000,0,2026-07-11T21:02:48Z
com.moonactive.coinmaster,in,done,5000,5000,0,2026-07-11T21:03:29Z
com.moonactive.coinmaster,us,done,5000,5000,0,2026-07-11T21:04:11Z
com.nautilus.realcricket,in,done,5000,5000,0,2026-07-11T21:56:51Z
com.nekki.shadowfightarena,in,done,5000,5000,0,2026-07-11T22:03:38Z
com.nianticlabs.pokemongo,gb,done,5000,5000,0,2026-07-11T21:52:00Z
com.nianticlabs.pokemongo,in,done,5000,5000,0,2026-07-11T21:52:43Z
com.nianticlabs.pokemongo,us,done,5000,5000,0,2026-07-11T21:53:23Z
com.octro.teenpatti,in,done,5000,5000,0,2026-07-11T22:09:21Z
com.phs.global,gb,done,5000,5000,0,2026-07-11T21:34:11Z
com.phs.global,us,done,5000,5000,0,2026-07-11T21:34:50Z
com.pixonic.wwr,in,done,5000,5000,0,2026-07-11T22:18:41Z
com.plarium.mechlegion,in,done,5000,5000,0,2026-07-11T21:45:30Z
com.plarium.raidlegends,gb,done,5000,5000,0,2026-07-11T21:56:12Z
com.playrix.fishdomdd.gplay,gb,done,5000,5000,0,2026-07-11T21:18:12Z
com.playrix.fishdomdd.gplay,in,done,5000,5000,0,2026-07-11T21:18:53Z
com.playrix.fishdomdd.gplay,us,done,5000,5000,0,2026-07-11T21:19:35Z
com.playrix.gardenscapes,gb,done,5000,5000,0,2026-07-11T21:23:38Z
com.playrix.gardenscapes,in,done,5000,5000,0,2026-07-11T21:24:21Z
com.playrix.gardenscapes,us,done,5000,5000,0,2026-07-11T21:25:02Z
com.playrix.homescapes,gb,done,5000,5000,0,2026-07-11T21:29:31Z
com.playrix.homescapes,in,done,5000,5000,0,2026-07-11T21:30:13Z
com.playrix.homescapes,us,done,5000,5000,0,2026-07-11T21:30:55Z
com.playrix.township,gb,done,5000,5000,0,2026-07-11T22:14:36Z
com.playrix.township,in,done,5000,5000,0,2026-07-11T22:15:17Z
com.playrix.township,us,done,5000,5000,0,2026-07-11T22:15:58Z
com.productmadness.cashmancasino,us,done,5000,5000,0,2026-07-11T20:57:08Z
com.productmadness.lightninglink,us,done,5000,5000,0,2026-07-11T21:39:30Z
com.proximabeta.nikke,us,done,5000,5000,0,2026-07-11T21:26:25Z
com.pubg.imobile,in,done,5000,5000,0,2026-07-11T20:46:17Z
com.readygo.barrel.gp,gb,done,5000,5000,0,2026-07-11T21:37:29Z
com.readygo.barrel.gp,in,done,5000,5000,0,2026-07-11T21:38:08Z
com.readygo.barrel.gp,us,done,5000,5000,0,2026-07-11T21:38:48Z
com.readygo.dark.gp,gb,done,5000,5000,0,2026-07-11T21:06:47Z
com.readygo.dark.gp,us,done,5000,5000,0,2026-07-11T21:07:26Z
com.roblox.client,gb,done,5000,5000,0,2026-07-11T21:57:33Z
com.roblox.client,in,done,5000,5000,0,2026-07-11T21:58:14Z
com.roblox.client,us,done,5000,5000,0,2026-07-11T21:58:56Z
com.run.tower.defense,gb,done,5000,5000,0,2026-07-11T21:32:15Z
com.run.tower.defense,in,done,5000,5000,0,2026-07-11T21:32:54Z
com.run.tower.defense,us,done,5000,5000,0,2026-07-11T21:33:32Z
com.scopely.monopolygo,gb,done,5000,5000,0,2026-07-11T21:48:11Z
com.scopely.monopolygo,in,done,5000,5000,0,2026-07-11T21:48:50Z
com.scopely.monopolygo,us,done,5000,5000,0,2026-07-11T21:49:33Z
com.screenshake.dominodreams,gb,done,5000,5000,0,2026-07-11T21:10:44Z
com.snowprintstudios.tacticus,gb,done,5000,5000,0,2026-07-11T22:19:21Z
com.solitairetripeaks.masterdesign,in,done,5000,5000,0,2026-07-11T20:55:08Z
com.supercell.clashofclans,gb,done,5000,5000,0,2026-07-11T20:58:33Z
com.supercell.clashofclans,in,done,5000,5000,0,2026-07-11T20:59:15Z
com.supercell.clashofclans,us,done,5000,5000,0,2026-07-11T20:59:58Z
com.supercell.clashroyale,gb,done,5000,5000,0,2026-07-11T21:00:41Z
com.supercell.clashroyale,in,done,5000,5000,0,2026-07-11T21:01:22Z
com.supercell.clashroyale,us,done,5000,5000,0,2026-07-11T21:02:06Z
com.superplaystudios.dicedreams,gb,done,5000,5000,0,2026-07-11T21:08:06Z
com.superplaystudios.dicedreams,us,done,5000,5000,0,2026-07-11T21:08:46Z
com.superplaystudios.disneysolitairedreams,gb,done,5000,5000,0,2026-07-11T21:09:25Z
com.superplaystudios.disneysolitairedreams,us,done,5000,5000,0,2026-07-11T21:10:05Z
com.teenpatti.hd.gold,in,done,5000,5000,0,2026-07-11T22:08:43Z
com.tencent.ig,gb,done,5000,5000,0,2026-07-11T21:54:08Z
com.tencent.ig,us,done,5000,5000,0,2026-07-11T21:54:51Z
com.topgamesinc.evony,gb,done,5000,5000,0,2026-07-11T21:14:51Z
com.topgamesinc.evony,in,done,5000,5000,0,2026-07-11T21:15:30Z
com.topgamesinc.evony,us,done,5000,5000,0,2026-07-11T21:16:11Z
com.totalbattle,gb,done,5000,5000,0,2026-07-11T22:13:16Z
com.totalbattle,us,done,5000,5000,0,2026-07-11T22:13:54Z
com.williamsinteractive.jackpotparty,us,done,5000,5000,0,2026-07-11T21:31:36Z
com.yalla.yallagames,in,done,5000,5000,0,2026-07-11T22:22:47Z
com.zjcs.android.us,us,done,4401,4379,22,2026-07-11T22:06:06Z
com.zynga.livepoker,in,done,5000,5000,0,2026-07-11T22:25:01Z
cricketgames.hitwicket.strategy,in,done,5000,5000,0,2026-07-11T21:28:22Z
io.randomco.travel,gb,done,5000,5000,0,2026-07-11T22:16:38Z
io.randomco.travel,in,done,5000,5000,0,2026-07-11T22:17:18Z
io.randomco.travel,us,done,5000,5000,0,2026-07-11T22:17:59Z
jp.konami.pesam,in,done,5000,5000,0,2026-07-11T21:14:11Z
net.peakgames.match,gb,done,5000,5000,0,2026-07-11T21:42:52Z
net.peakgames.match,us,done,5000,5000,0,2026-07-11T21:43:30Z
net.peakgames.toonblast,gb,done,5000,5000,0,2026-07-11T22:10:42Z
net.peakgames.toonblast,us,done,5000,5000,0,2026-07-11T22:11:21Z
net.supertreat.solitaire,gb,done,5000,5000,0,2026-07-11T22:04:18Z
net.supertreat.solitaire,us,done,5000,5000,0,2026-07-11T22:04:58Z
slots.pcg.casino.games.free.android,us,done,5000,5000,0,2026-07-11T20:56:29Z
